{"cameraMode":{"drawMode":0,"name":"Shaded","section":"Shading Mode"},"sceneLighting":true,"audioPlay":false,"sceneViewState":{"m_AlwaysRefresh":false,"showFog":true,"showSkybox":true,"showFlares":true,"showImageEffects":true,"showParticleSystems":true,"showVisualEffectGraphs":true,"m_FxEnabled":false},"in2DMode":false,"pivot":{"x":-0.24495217204093934,"y":0.6654955744743347,"z":0.5849661827087402},"rotation":{"x":0.3502289354801178,"y":0.25646862387657168,"z":-0.10033317655324936,"w":0.8952690362930298},"size":3.6127586364746095,"orthographic":true}