{"cameraMode":{"drawMode":0,"name":"Shaded","section":"Shading Mode"},"sceneLighting":true,"audioPlay":false,"sceneViewState":{"m_AlwaysRefresh":false,"showFog":true,"showSkybox":true,"showFlares":true,"showImageEffects":true,"showParticleSystems":true,"showVisualEffectGraphs":true,"m_FxEnabled":false},"in2DMode":false,"pivot":{"x":0.21493816375732423,"y":0.4496927261352539,"z":0.2007598876953125},"rotation":{"x":0.35718414187431338,"y":0.24641139805316926,"z":-0.09827694296836853,"w":0.8955709934234619},"size":4.729454040527344,"orthographic":true}