{"cameraMode":{"drawMode":0,"name":"Shaded","section":"Shading Mode"},"sceneLighting":true,"audioPlay":false,"sceneViewState":{"m_AlwaysRefresh":false,"showFog":true,"showSkybox":true,"showFlares":true,"showImageEffects":true,"showParticleSystems":true,"showVisualEffectGraphs":true,"m_FxEnabled":false},"in2DMode":false,"pivot":{"x":0.04457995295524597,"y":1.3388433456420899,"z":0.6218827962875366},"rotation":{"x":-0.2308058738708496,"y":0.3835156261920929,"z":-0.09959769994020462,"w":-0.8886815905570984},"size":3.6136958599090578,"orthographic":true}