{"cameraMode":{"drawMode":0,"name":"Shaded","section":"Shading Mode"},"sceneLighting":true,"audioPlay":false,"sceneViewState":{"m_AlwaysRefresh":false,"showFog":true,"showSkybox":true,"showFlares":true,"showImageEffects":true,"showParticleSystems":true,"showVisualEffectGraphs":true,"m_FxEnabled":false},"in2DMode":false,"pivot":{"x":-9.133813858032227,"y":-15.619365692138672,"z":-22.830453872680665},"rotation":{"x":0.060577116906642917,"y":-0.9324501752853394,"z":0.3038381338119507,"w":0.18590962886810304},"size":17.678007125854493,"orthographic":false}